<?xml version='1.0' encoding='UTF-8' ?>
<timeLogEntries>
  <time id="14" path="/Tarea Integradora 2/PSP0/Code" start="@1605200948200" delta="90" flag="A" />
  <time id="15" path="/Tarea Integradora 2/PSP0/Code" start="@1605207881510" delta="102" interrupt="6" flag="A" />
  <time id="16" path="/Tarea Integradora 2/PSP0/Code" start="@1605217726229" delta="112" flag="A" />
  <time id="17" path="/Tarea Integradora 2/PSP0/Test" start="@1605275691436" delta="29" flag="A" />
  <time id="18" path="/Tarea Integradora 2/PSP0/Design" start="@1605283229318" delta="5" flag="A" />
  <time id="19" path="/Tarea Integradora 2/PSP0/Design" start="@1605331075540" delta="26" flag="A" />
  <time id="20" path="/Tarea Integradora 2/PSP0/Planning" start="@1605335622858" delta="19" flag="A" />
  <time id="21" path="/Tarea Integradora 2/PSP0/Planning" start="@1605356817214" delta="6" flag="A" />
  <time id="22" path="/Tarea Integradora 2/PSP0/Code" start="@1605357166015" delta="3" flag="A" />
  <time id="23" path="/Tarea Integradora 2/PSP0/Planning" start="@1605360446433" delta="32" flag="A" />
  <time id="24" path="/Tarea Integradora 2/PSP0/Planning" start="@1605364011971" delta="27" flag="A" />
</timeLogEntries>
