<?xml version='1.0' encoding='UTF-8' ?>
<timeLogEntries>
  <time id="1" path="/Tarea Integradora 1/PSP0/Planning" start="@1599420546412" delta="74" />
  <time id="2" path="/Tarea Integradora 2/PSP0/Code" start="@1603935873784" delta="43" />
  <time id="3" path="/Tarea Integradora 2/PSP0/Code" start="@1604591124087" delta="108" />
  <time id="4" path="/Tarea Integradora 2/PSP0/Code" start="@1604710101687" delta="39" />
  <time id="5" path="/Tarea Integradora 2/PSP0/Code" start="@1604714042917" delta="7" />
  <time id="6" path="/Tarea Integradora 2/PSP0/Test" start="@1604717801477" delta="14" />
  <time id="7" path="/Tarea Integradora 2/PSP0/Design" start="@1604722616055" delta="14" />
  <time id="8" path="/Tarea Integradora 2/PSP0/Design" start="@1604725234742" delta="41" />
  <time id="9" path="/Tarea Integradora 2/PSP0/Planning" start="@1604727723432" delta="75" />
  <time id="10" path="/Tarea Integradora 2/PSP0/Design" start="@1604733148882" delta="21" />
  <time id="11" path="/Tarea Integradora 2/PSP0/Code" start="@1604734395314" delta="8" />
  <time id="12" path="/Tarea Integradora 2/PSP0/Design" start="@1604750292998" delta="32" />
  <time id="13" path="/Tarea Integradora 2/PSP0/Code" start="@1604752222102" delta="52" />
</timeLogEntries>
